"","Tipo","Cantidad","Precio_M2","Tamaño","Precio"
"1","Departamento",9111,1978,55,103000
"2","Casa",3373,710.540449815374,333,195000
"3","Terrenos",1182,560,525,220000
"4","PH",952,1181.81818181818,75,85000
"5","Local comercial",517,1625,91,140000
"6","Oficina comercial",215,1581.18461538462,65,93000
"7","Garage",181,600,750,39000
"8","Fondo de Comercio",106,1000,700,650000
"9","Bodega-Galpón",81,561.111111111111,420,240000
"10","Edificio",37,1635.37735849057,600,659500
